-- V6__seed_data.sql
-- Development seed data for testing and load testing

-- Products
INSERT INTO products (id, name, description) VALUES
    ('00000000-0000-0000-0000-000000000001', 'Backend API', 'Core backend services and microservices'),
    ('00000000-0000-0000-0000-000000000002', 'Web App', 'Frontend web application (React)'),
    ('00000000-0000-0000-0000-000000000003', 'Mobile App', 'iOS/Android mobile application'),
    ('00000000-0000-0000-0000-000000000004', 'Data Platform', 'Analytics and data processing pipeline'),
    ('00000000-0000-0000-0000-000000000005', 'Infrastructure', 'CI/CD, monitoring, and platform services');

-- Product tech stacks
INSERT INTO product_tech_stack (product_id, technology) VALUES
    ('00000000-0000-0000-0000-000000000001', 'Java'),
    ('00000000-0000-0000-0000-000000000001', 'Spring Boot'),
    ('00000000-0000-0000-0000-000000000001', 'PostgreSQL'),
    ('00000000-0000-0000-0000-000000000001', 'Kafka'),
    ('00000000-0000-0000-0000-000000000002', 'React'),
    ('00000000-0000-0000-0000-000000000002', 'TypeScript'),
    ('00000000-0000-0000-0000-000000000002', 'Vite'),
    ('00000000-0000-0000-0000-000000000003', 'React Native'),
    ('00000000-0000-0000-0000-000000000003', 'TypeScript'),
    ('00000000-0000-0000-0000-000000000004', 'Python'),
    ('00000000-0000-0000-0000-000000000004', 'Spark'),
    ('00000000-0000-0000-0000-000000000004', 'Airflow'),
    ('00000000-0000-0000-0000-000000000005', 'Kubernetes'),
    ('00000000-0000-0000-0000-000000000005', 'Terraform'),
    ('00000000-0000-0000-0000-000000000005', 'Prometheus');

-- Teams
INSERT INTO teams (id, name, focus_factor, bug_reserve_percent, techdebt_reserve_percent, velocity) VALUES
    ('00000000-0000-0000-0000-000000000101', 'Team Alpha', 0.7, 0.20, 0.10, 45),
    ('00000000-0000-0000-0000-000000000102', 'Team Beta', 0.75, 0.15, 0.10, 50),
    ('00000000-0000-0000-0000-000000000103', 'Team Gamma', 0.65, 0.25, 0.10, 35),
    ('00000000-0000-0000-0000-000000000104', 'Team Delta', 0.7, 0.20, 0.15, 40),
    ('00000000-0000-0000-0000-000000000105', 'Team Epsilon', 0.8, 0.10, 0.05, 55);

-- Team members
INSERT INTO team_members (id, team_id, person_id, name, role, availability_percent) VALUES
    ('10000000-0000-0000-0000-000000000001', '00000000-0000-0000-0000-000000000101', '20000000-0000-0000-0000-000000000001', 'Alice', 'BACKEND', 1.0),
    ('10000000-0000-0000-0000-000000000002', '00000000-0000-0000-0000-000000000101', '20000000-0000-0000-0000-000000000002', 'Bob', 'FRONTEND', 1.0),
    ('10000000-0000-0000-0000-000000000003', '00000000-0000-0000-0000-000000000101', '20000000-0000-0000-0000-000000000003', 'Charlie', 'QA', 1.0),
    ('10000000-0000-0000-0000-000000000004', '00000000-0000-0000-0000-000000000101', '20000000-0000-0000-0000-000000000004', 'Dave', 'DEVOPS', 0.5),
    ('10000000-0000-0000-0000-000000000005', '00000000-0000-0000-0000-000000000102', '20000000-0000-0000-0000-000000000005', 'Eve', 'BACKEND', 1.0),
    ('10000000-0000-0000-0000-000000000006', '00000000-0000-0000-0000-000000000102', '20000000-0000-0000-0000-000000000006', 'Frank', 'BACKEND', 1.0),
    ('10000000-0000-0000-0000-000000000007', '00000000-0000-0000-0000-000000000102', '20000000-0000-0000-0000-000000000007', 'Grace', 'FRONTEND', 1.0),
    ('10000000-0000-0000-0000-000000000008', '00000000-0000-0000-0000-000000000102', '20000000-0000-0000-0000-000000000008', 'Hank', 'QA', 1.0),
    ('10000000-0000-0000-0000-000000000009', '00000000-0000-0000-0000-000000000103', '20000000-0000-0000-0000-000000000009', 'Ivy', 'BACKEND', 1.0),
    ('10000000-0000-0000-0000-000000000010', '00000000-0000-0000-0000-000000000103', '20000000-0000-0000-0000-000000000010', 'Jack', 'FRONTEND', 0.5),
    ('10000000-0000-0000-0000-000000000011', '00000000-0000-0000-0000-000000000103', '20000000-0000-0000-0000-000000000011', 'Kate', 'QA', 1.0),
    ('10000000-0000-0000-0000-000000000012', '00000000-0000-0000-0000-000000000104', '20000000-0000-0000-0000-000000000012', 'Leo', 'BACKEND', 1.0),
    ('10000000-0000-0000-0000-000000000013', '00000000-0000-0000-0000-000000000104', '20000000-0000-0000-0000-000000000013', 'Mia', 'FRONTEND', 1.0),
    ('10000000-0000-0000-0000-000000000014', '00000000-0000-0000-0000-000000000104', '20000000-0000-0000-0000-000000000014', 'Nick', 'QA', 0.5),
    ('10000000-0000-0000-0000-000000000015', '00000000-0000-0000-0000-000000000104', '20000000-0000-0000-0000-000000000015', 'Olivia', 'DEVOPS', 1.0),
    ('10000000-0000-0000-0000-000000000016', '00000000-0000-0000-0000-000000000105', '20000000-0000-0000-0000-000000000016', 'Paul', 'BACKEND', 1.0),
    ('10000000-0000-0000-0000-000000000017', '00000000-0000-0000-0000-000000000105', '20000000-0000-0000-0000-000000000017', 'Quinn', 'BACKEND', 1.0),
    ('10000000-0000-0000-0000-000000000018', '00000000-0000-0000-0000-000000000105', '20000000-0000-0000-0000-000000000018', 'Rachel', 'FRONTEND', 1.0),
    ('10000000-0000-0000-0000-000000000019', '00000000-0000-0000-0000-000000000105', '20000000-0000-0000-0000-000000000019', 'Sam', 'QA', 1.0),
    ('10000000-0000-0000-0000-000000000020', '00000000-0000-0000-0000-000000000105', '20000000-0000-0000-0000-000000000020', 'Tina', 'DEVOPS', 1.0);

-- Product-Team ownership
INSERT INTO product_teams (product_id, team_id) VALUES
    ('00000000-0000-0000-0000-000000000001', '00000000-0000-0000-0000-000000000101'),
    ('00000000-0000-0000-0000-000000000001', '00000000-0000-0000-0000-000000000102'),
    ('00000000-0000-0000-0000-000000000002', '00000000-0000-0000-0000-000000000101'),
    ('00000000-0000-0000-0000-000000000002', '00000000-0000-0000-0000-000000000103'),
    ('00000000-0000-0000-0000-000000000003', '00000000-0000-0000-0000-000000000103'),
    ('00000000-0000-0000-0000-000000000003', '00000000-0000-0000-0000-000000000105'),
    ('00000000-0000-0000-0000-000000000004', '00000000-0000-0000-0000-000000000104'),
    ('00000000-0000-0000-0000-000000000004', '00000000-0000-0000-0000-000000000105'),
    ('00000000-0000-0000-0000-000000000005', '00000000-0000-0000-0000-000000000104'),
    ('00000000-0000-0000-0000-000000000005', '00000000-0000-0000-0000-000000000105');

-- Team expertise
INSERT INTO team_expertise (team_id, expertise_tag) VALUES
    ('00000000-0000-0000-0000-000000000101', 'legacy-billing'),
    ('00000000-0000-0000-0000-000000000101', 'k8s'),
    ('00000000-0000-0000-0000-000000000102', 'oauth2'),
    ('00000000-0000-0000-0000-000000000102', 'security'),
    ('00000000-0000-0000-0000-000000000103', 'mobile'),
    ('00000000-0000-0000-0000-000000000103', 'react-native'),
    ('00000000-0000-0000-0000-000000000104', 'data-pipeline'),
    ('00000000-0000-0000-0000-000000000104', 'spark'),
    ('00000000-0000-0000-0000-000000000105', 'platform'),
    ('00000000-0000-0000-0000-000000000105', 'ci-cd');

-- Planning window and sprints
INSERT INTO planning_windows (id, start_date, end_date) VALUES
    ('00000000-0000-0000-0000-000000000201', '2025-01-06', '2025-06-27');

INSERT INTO sprints (id, planning_window_id, start_date, end_date) VALUES
    ('00000000-0000-0000-0000-000000000301', '00000000-0000-0000-0000-000000000201', '2025-01-06', '2025-01-17'),
    ('00000000-0000-0000-0000-000000000302', '00000000-0000-0000-0000-000000000201', '2025-01-20', '2025-01-31'),
    ('00000000-0000-0000-0000-000000000303', '00000000-0000-0000-0000-000000000201', '2025-02-03', '2025-02-14'),
    ('00000000-0000-0000-0000-000000000304', '00000000-0000-0000-0000-000000000201', '2025-02-17', '2025-02-28'),
    ('00000000-0000-0000-0000-000000000305', '00000000-0000-0000-0000-000000000201', '2025-03-03', '2025-03-14'),
    ('00000000-0000-0000-0000-000000000306', '00000000-0000-0000-0000-000000000201', '2025-03-17', '2025-03-28'),
    ('00000000-0000-0000-0000-000000000307', '00000000-0000-0000-0000-000000000201', '2025-03-31', '2025-04-11'),
    ('00000000-0000-0000-0000-000000000308', '00000000-0000-0000-0000-000000000201', '2025-04-14', '2025-04-25'),
    ('00000000-0000-0000-0000-000000000309', '00000000-0000-0000-0000-000000000201', '2025-04-28', '2025-05-09'),
    ('00000000-0000-0000-0000-000000000310', '00000000-0000-0000-0000-000000000201', '2025-05-12', '2025-05-23'),
    ('00000000-0000-0000-0000-000000000311', '00000000-0000-0000-0000-000000000201', '2025-05-26', '2025-06-06'),
    ('00000000-0000-0000-0000-000000000312', '00000000-0000-0000-0000-000000000201', '2025-06-09', '2025-06-20');
